{"cameraMode":{"drawMode":0,"name":"Shaded","section":"Shading Mode"},"sceneLighting":true,"audioPlay":false,"sceneViewState":{"showFog":true,"showMaterialUpdate":false,"showSkybox":true,"showFlares":true,"showImageEffects":true,"showParticleSystems":true},"in2DMode":false,"pivot":{"x":59.199832916259769,"y":-23.38692855834961,"z":9.34843635559082},"rotation":{"x":-0.1420297771692276,"y":-0.5923221707344055,"z":0.10705657303333283,"w":-0.7858249545097351},"size":118.16496276855469,"orthographic":false}